Segment,Recency,Frequency,Monetary,Customer Count
At Risk,5.0,3.0106382978723403,2.478723404255319,94
High Spenders,4.0,3.3333333333333335,5.140350877192983,57
Loyal Customers,1.5223880597014925,2.800995024875622,2.9203980099502487,201
Others,3.5232558139534884,2.9593023255813953,2.4651162790697674,172
Top Customers,1.8,5.0,5.0,5
